#,ごい,Vocabulary,Type,Meaning,Learning Status,Level
1,浴びる,abiru,"Verb, Ichidan verb, Transitive verb","to bathe, to shower",unseen,N5
,,あびる,,,unseen,N5
2,危ない,abunai,"Adjective, い-adjective",dangerous,unseen,N5
,,あぶない,,,unseen,N5
3,あっち,acchi,Pronoun,over there,unseen,N5
,,,,,,
4,あちら,achira,Pronoun,there,unseen,N5
,,,,,,
5,上げる,ageru,"Verb, Ichidan verb, Transitive verb",to raise; to elevate; to give,unseen,N5
,,あげる,,,unseen,N5
6,赤,aka,Noun,red; crimson; scarlet​,unseen,N5
,,あか,,,unseen,N5
7,赤い,akai,"Adjective, い-adjective",red; crimson; scarlet​,unseen,N5
,,あかい,,,unseen,N5
8,明るい,akarui,"Adjective, い-adjective",bright; light,unseen,N5
,,あかるい,,,unseen,N5
9,開ける,akeru,"Verb, Ichidan verb, Transitive verb","to open (a door, etc.); to unwrap (e.g. parcel, package); to unlock",unseen,N5
,,あける,,,unseen,N5
10,秋,aki,Noun,autumn; fall,unseen,N5
,,あき,,,unseen,N5
11,開く,aku,"Verb, Godan verb, Intransitive verb","to open (e.g. doors, business, etc)",unseen,N5
,,あく,,,unseen,N5
12,甘い,amai,"Adjective, い-adjective",sweet; sweet-tasting; sugary; naive; indulgent,unseen,N5
,,あまい,,,unseen,N5
13,雨,ame,Noun,rain,unseen,N5
,,あめ,,,unseen,N5
14,飴,ame,Noun,candy,unseen,N5
,,あめ,,,unseen,N5
15,あなた,anata,Pronoun,you,unseen,N5
,,,,,,
16,姉,ane,Noun,older sister; elder sister​,unseen,N5
,,あね,,,unseen,N5
17,兄,ani,Noun,elder brother; older brother​,unseen,N5
,,あに,,,unseen,N5
18,あの,ano,Pre-noun adjectival,that,unseen,N5
,,,,,,
19,青,ao,Noun,blue; azure,unseen,N5
,,あお,,,unseen,N5
20,青い,aoi,"Adjective, い-adjective",blue; azure,unseen,N5
,,あおい,,,unseen,N5
21,アパート,apaato,"Noun, Katakana",apartment,unseen,N5
,,,,,,
22,洗う,arau,"Verb, Godan verb, Transitive verb",to wash,unseen,N5
,,あらう,,,unseen,N5
23,あれ,are,Pronoun,that,unseen,N5
,,,,,,
24,ある,aru,"Verb, Godan verb, Intransitive verb","to be, to have",unseen,N5
,,,,,,
25,歩く,aruku,"Verb, Godan verb, Intransitive verb",to walk,unseen,N5
,,あるく,,,unseen,N5
26,朝,asa,Noun,morning,unseen,N5
,,あさ,,,unseen,N5
27,朝ご飯,asagohan,Noun,breakfast,unseen,N5
,,あさごはん,,,unseen,N5
28,明後日,asatte,Noun,day after tomorrow,unseen,N5
,,あさって,,,unseen,N5
29,足,ashi,Noun,foot; leg; paw; arm,unseen,N5
,,あし,,,unseen,N5
30,明日,ashita,"Noun, Temporal noun",tomorrow,unseen,N5
,,あした,,,unseen,N5
31,遊ぶ,asobu,"Verb, Godan verb, Intransitive verb",to play; to enjoy oneself,unseen,N5
,,あそぶ,,,unseen,N5
32,あそこ,asoko,Pronoun,over there,unseen,N5
,,,,,,
33,頭,atama,Noun,head,unseen,N5
,,あたま,,,unseen,N5
34,新しい,atarashii,"Adjective, い-adjective",new; novel; fresh; recent; latest,unseen,N5
,,あたらしい,,,unseen,N5
35,暖かい,atatakai,"Adjective, い-adjective",warm,unseen,N5
,,あたたかい,,,unseen,N5
36,後,ato,Noun,behind; after; remainder; left; also,unseen,N5
,,あと,,,unseen,N5
37,暑い,atsui,"Adjective, い-adjective",hot; sultry,unseen,N5
,,あつい,,,unseen,N5
38,厚い,atsui,"Adjective, い-adjective",thick,unseen,N5
,,あつい,,,unseen,N5
39,熱い,atsui,"Adjective, い-adjective",hot,unseen,N5
,,あつい,,,unseen,N5
40,会う,au,"Verb, Godan verb, Intransitive verb",to meet; to encounter; to see,unseen,N5
,,あう,,,unseen,N5
41,晩ご飯,bangohan,Noun,dinner; evening meal,unseen,N5
,,ばんごはん,,,unseen,N5
42,番号,bangou,Noun,number,unseen,N5
,,ばんごう,,,unseen,N5
43,バス,basu,"Noun, Katakana",bus,unseen,N5
,,,,,,
44,バター,bataa,"Noun, Katakana",butter​,unseen,N5
,,,,,,
45,ベッド,beddo,"Noun, Katakana",bed,unseen,N5
,,,,,,
46,勉強,benkyou,"Noun, Suru verb",to study,unseen,N5
,,べんきょう,,,unseen,N5
47,便利,benri,な-adjective,convenient; handy; useful,unseen,N5
,,べんり,,,unseen,N5
48,ボールペン,boorupen,"Noun, Katakana",ball-point pen,unseen,N5
,,,,,,
49,ボタン,botan,"Noun, Katakana",button,unseen,N5
,,,,,,
50,帽子,boushi,Noun,hat; cap,unseen,N5
,,ぼうし,,,unseen,N5
51,文章,bunshou,Noun,sentence,unseen,N5
,,ぶんしょう,,,unseen,N5
52,豚肉,butaniku,Noun,pork,unseen,N5
,,ぶたにく,,,unseen,N5
53,病院,byouin,Noun,hospital,unseen,N5
,,びょういん,,,unseen,N5
54,病気,byouki,Noun,illness; disease; sickness,unseen,N5
,,びょうき,,,unseen,N5
55,茶色,chairo,Noun,brown,unseen,N5
,,ちゃいろ,,,unseen,N5
56,茶碗,chawan,Noun,rice bowl; tea cup; teacup,unseen,N5
,,ちゃわん,,,unseen,N5
57,父,chichi,Noun,father,unseen,N5
,,ちち,,,unseen,N5
58,違う,chigau,"Verb, Godan verb, Intransitive verb",to differ,unseen,N5
,,ちがう,,,unseen,N5
59,小さい,chiisai,"Adjective, い-adjective",small; little; tiny,unseen,N5
,,ちいさい,,,unseen,N5
60,小さな,chiisana,Pre-noun adjectival,small; little; tiny​,unseen,N5
,,ちいさな,,,unseen,N5
61,近い,chikai,い-adjective,near; close,unseen,N5
,,ちかい,,,unseen,N5
62,地下鉄,chikatetsu,Noun,subway; underground train,unseen,N5
,,ちかてつ,,,unseen,N5
63,地図,chizu,Noun,map,unseen,N5
,,ちず,,,unseen,N5
64,ちょっと,chotto,Adverb,a little,unseen,N5
,,,,,,
65,丁度,choudo,Adverb,exactly,unseen,N5
,,ちょうど,,,unseen,N5
66,台所,daidokoro,Noun,kitchen,unseen,N5
,,だいどころ,,,unseen,N5
67,大学,daigaku,Noun,university; college,unseen,N5
,,だいがく,,,unseen,N5
68,大丈夫,daijoubu,"Adjective, な-adjective, Adverb",OK; okay; alright; problem free,unseen,N5
,,だいじょうぶ,,,unseen,N5
69,大好き,daisuki,"Adjective, な-adjective",love; like; like very much,unseen,N5
,,だいすき,,,unseen,N5
70,だんだん,dandan,Adverb,gradually,unseen,N5
,,,,,,
71,誰,dare,Pronoun,who,unseen,N5
,,だれ,,,unseen,N5
72,誰か,dareka,Pronoun,someone; somebody,unseen,N5
,,だれか,,,unseen,N5
73,出す,dasu,"Verb, Godan verb, Transitive verb",to take out; to get out; to put out; to reveal,unseen,N5
,,だす,,,unseen,N5
74,出口,deguchi,Noun,exit; gateway; way out,unseen,N5
,,でぐち,,,unseen,N5
75,出かける,dekakeru,"Verb, Ichidan verb, Intransitive verb",to go out; to leave; to depart,unseen,N5
,,でかける,,,unseen,N5
76,電気,denki,Noun,electricity,unseen,N5
,,でんき,,,unseen,N5
77,電車,densha,Noun,train; electric train,unseen,N5
,,でんしゃ,,,unseen,N5
78,電話,denwa,"Noun, Verb, Suru verb",telephone (call / device)l; phone call,unseen,N5
,,でんわ,,,unseen,N5
79,デパート,depaato,"Noun, Katakana",department store,unseen,N5
,,,,,,
80,出る,deru,"Verb, Ichidan verb, Intransitive verb",to leave; to exit; to appear; to go out,unseen,N5
,,でる,,,unseen,N5
81,ドア,doa,"Noun, Katakana",door,unseen,N5
,,,,,,
82,どっち,docchi,Pronoun,which; which one,unseen,N5
,,,,,,
83,どちら,dochira,Pronoun,which of two,unseen,N5
,,,,,,
84,どこ,doko,Pronoun,where; what place​,unseen,N5
,,,,,,
85,どなた,donata,Noun,who,unseen,N5
,,,,,,
86,どの,dono,Pre-noun adjectival,which,unseen,N5
,,,,,,
87,どれ,dore,Pronoun,which (of three or more)​,unseen,N5
,,,,,,
88,どう,dou,Adverb,how; in what way; how about​,unseen,N5
,,,,,,
89,動物,doubutsu,Noun,animal,unseen,N5
,,どうぶつ,,,unseen,N5
90,どうも,doumo,Adverb,thank you; thanks,unseen,N5
,,,,,,
91,どうぞ,douzo,Adverb,please,unseen,N5
,,,,,,
92,土曜日,doyoubi,Noun,Saturday,unseen,N5
,,どようび,,,unseen,N5
93,絵,e,Noun,picture,unseen,N5
,,え,,,unseen,N5
94,ええ,ee,Noun,yes; that is correct; right,unseen,N5
,,,,,,
95,映画,eiga,Noun,movie; film,unseen,N5
,,えいが,,,unseen,N5
96,映画館,eigakan,Noun,movie theater; cinema,unseen,N5
,,えいがかん,,,unseen,N5
97,英語,eigo,Noun,English language,unseen,N5
,,えいご,,,unseen,N5
98,駅,eki,Noun,station,unseen,N5
,,えき,,,unseen,N5
99,鉛筆,enpitsu,Noun,pencil,unseen,N5
,,えんぴつ,,,unseen,N5
100,エレベーター,erebeetaa,"Noun, Katakana",elevator,unseen,N5
,,,,,,
101,フィルム,firumu,"Noun, Katakana",film,unseen,N5
,,,,,,
102,フォーク,fooku,"Noun, Katakana",fork,unseen,N5
,,,,,,
103,服,fuku,Noun,clothes,unseen,N5
,,ふく,,,unseen,N5
104,吹く,fuku,"Verb, Godan verb, Intransitive verb",to blow (of the wind),unseen,N5
,,ふく,,,unseen,N5
105,降る,furu,"Verb, Godan verb, Intransitive verb",to fall,unseen,N5
,,ふる,,,unseen,N5
106,古い,furui,い-adjective,old (not used for people),unseen,N5
,,ふるい,,,unseen,N5
107,二人,futari,Noun,two people; pair; couple,unseen,N5
,,ふたり,,,unseen,N5
108,二つ,futatsu,"Noun, Numeric",two; 2,unseen,N5
,,ふたつ,,,unseen,N5
109,太い,futoi,"Adjective, い-adjective",fat; thick,unseen,N5
,,ふとい,,,unseen,N5
110,二日,futsuka,Noun,the second day of the month / 2 days,unseen,N5
,,ふつか,,,unseen,N5
111,封筒,fuutou,Noun,envelope,unseen,N5
,,ふうとう,,,unseen,N5
112,冬,fuyu,Noun,winter,unseen,N5
,,ふゆ,,,unseen,N5
113,外国,gaikoku,Noun,foreign country,unseen,N5
,,がいこく,,,unseen,N5
114,外国人,gaikokujin,Noun,foreigner; foreign citizen; foreign national; alien; non-Japanese,unseen,N5
,,がいこくじん,,,unseen,N5
115,学校,gakkou,Noun,school,unseen,N5
,,がっこう,,,unseen,N5
116,学生,gakusei,Noun,student,unseen,N5
,,がくせい,,,unseen,N5
117,玄関,genkan,Noun,entrance,unseen,N5
,,げんかん,,,unseen,N5
118,元気,genki,"Noun, Adjective, な-adjective",lively; full of spirit; energetic; healthy,unseen,N5
,,げんき,,,unseen,N5
119,月曜日,getsuyoubi,Noun,Monday,unseen,N5
,,げつようび,,,unseen,N5
120,銀行,ginkou,Noun,bank,unseen,N5
,,ぎんこう,,,unseen,N5
121,ギター,gitaa,"Noun, Katakana",guitar,unseen,N5
,,,,,,
122,五,go,"Noun, Numeric",five; 5,unseen,N5
,,ご,,,unseen,N5
123,午後,gogo,Noun,afternoon; p.m.,unseen,N5
,,ごご,,,unseen,N5
124,ご飯,gohan,Noun,"cooked rice, meal",unseen,N5
,,ごはん,,,unseen,N5
125,午前,gozen,Noun,morning; a.m.,unseen,N5
,,ごぜん,,,unseen,N5
126,グラム,guramu,"Noun, Katakana",gram,unseen,N5
,,,,,,
127,牛肉,gyuuniku,Noun,beef,unseen,N5
,,ぎゅうにく,,,unseen,N5
128,牛乳,gyuunyuu,Noun,(cow's) milk,unseen,N5
,,ぎゅうにゅう,,,unseen,N5
129,歯,ha,Noun,tooth,unseen,N5
,,は,,,unseen,N5
130,八,hachi,"Noun, Numeric",eight: 8,unseen,N5
,,はち,,,unseen,N5
131,葉書,hagaki,Noun,postcard,unseen,N5
,,はがき,,,unseen,N5
132,母,haha,Noun,mother,unseen,N5
,,はは,,,unseen,N5
133,はい,hai,Noun,yes; that is correct​,unseen,N5
,,,,,,
134,入る,hairu,"Verb, Godan verb, Intransitive verb",to enter; to go into,unseen,N5
,,はいる,,,unseen,N5
135,灰皿,haizara,Noun,ashtray,unseen,N5
,,はいざら,,,unseen,N5
136,始まる,hajimaru,"Verb, Godan verb, Intransitive verb",to begin,unseen,N5
,,はじまる,,,unseen,N5
137,初めて,hajimete,Adverb,for the first time,unseen,N5
,,はじめて,,,unseen,N5
138,箱,hako,Noun,box; crate,unseen,N5
,,はこ,,,unseen,N5
139,履く,haku,"Verb, Godan verb, Transitive verb","to wear, to put on trousers",unseen,N5
,,はく,,,unseen,N5
140,半,han,Noun,half; semi-; half-past,unseen,N5
,,はん,,,unseen,N5
141,花,hana,Noun,flower,unseen,N5
,,はな,,,unseen,N5
142,鼻,hana,Noun,nose,unseen,N5
,,はな,,,unseen,N5
143,話,hanashi,Noun,talk; speech; chat; conversation​,unseen,N5
,,はなし,,,unseen,N5
144,話す,hanasu,"Verb, Godan verb, Transitive verb",to speak; to talk; to converse,unseen,N5
,,はなす,,,unseen,N5
145,半分,hanbun,Noun,half,unseen,N5
,,はんぶん,,,unseen,N5
146,ハンカチ,hankachi,"Noun, Katakana",handkerchief​,unseen,N5
,,,,,,
147,晴れ,hare,Noun,clear weather,unseen,N5
,,はれ,,,unseen,N5
148,晴れる,hareru,"Verb, Ichidan verb, Intransitive verb",to be sunny,unseen,N5
,,はれる,,,unseen,N5
149,春,haru,Noun,spring; springtime,unseen,N5
,,はる,,,unseen,N5
150,貼る,haru,"Verb, Godan verb, Transitive verb",to stick; to paste,unseen,N5
,,はる,,,unseen,N5
151,箸,hashi,Noun,chopsticks,unseen,N5
,,はし,,,unseen,N5
152,橋,hashi,Noun,bridge,unseen,N5
,,はし,,,unseen,N5
153,走る,hashiru,"Verb, Godan verb, Intransitive verb",to run,unseen,N5
,,はしる,,,unseen,N5
154,二十歳,hatachi,Noun,20 years old; twenty years old,unseen,N5
,,はたち,,,unseen,N5
155,働く,hataraku,"Verb, Godan verb, Intransitive verb",to work,unseen,N5
,,はたらく,,,unseen,N5
156,二十日,hatsuka,Noun,twentieth day of the month / 20 days,unseen,N5
,,はつか,,,unseen,N5
157,速い,hayai,"Adjective, い-adjective",fast; quick; hasty; brisk,unseen,N5
,,はやい,,,unseen,N5
158,早い,hayai,"Adjective, い-adjective",fast; early,unseen,N5
,,はやい,,,unseen,N5
159,辺,hen,Noun,area,unseen,N5
,,へん,,,unseen,N5
160,下手,heta,"Noun, Adjective, な-adjective",unskillful; poor; awkward​,unseen,N5
,,へた,,,unseen,N5
161,部屋,heya,Noun,room,unseen,N5
,,へや,,,unseen,N5
162,左,hidari,Noun,left; left hand side,unseen,N5
,,ひだり,,,unseen,N5
163,東,higashi,Noun,east,unseen,N5
,,ひがし,,,unseen,N5
164,飛行機,hikouki,Noun,airplane; aircraft,unseen,N5
,,ひこうき,,,unseen,N5
165,引く,hiku,"Verb, Godan verb, Transitive verb",to pull,unseen,N5
,,ひく,,,unseen,N5
166,弾く,hiku,"Verb, Godan verb, Transitive verb",to play,unseen,N5
,,ひく,,,unseen,N5
167,低い,hikui,い-adjective,"short,low",unseen,N5
,,ひくい,,,unseen,N5
168,暇,hima,"Noun, な-adjective",free time,unseen,N5
,,ひま,,,unseen,N5
169,広い,hiroi,い-adjective,spacious; vast; wide,unseen,N5
,,ひろい,,,unseen,N5
170,昼,hiru,Noun,noon; midday; daytime; lunch,unseen,N5
,,ひる,,,unseen,N5
171,昼ご飯,hirugohan,Noun,lunch,unseen,N5
,,ひるごはん,,,unseen,N5
172,人,hito,Noun,person; human,unseen,N5
,,ひと,,,unseen,N5
173,一人,hitori,"Noun, Adverb",one person​; alone; single,unseen,N5
,,ひとり,,,unseen,N5
174,一つ,hitotsu,"Noun, Numeric",one thing; only,unseen,N5
,,ひとつ,,,unseen,N5
175,ほか,hoka,Noun,"other (place, thing, person); the rest",unseen,N5
,,,,,,
176,本,hon,Noun,book; volume; script,unseen,N5
,,ほん,,,unseen,N5
177,本棚,hondana,Noun,bookshelf; bookcase,unseen,N5
,,ほんだな,,,unseen,N5
178,本当,hontou,"Noun, Adjective, な-adjective",truth; reality; actuality; fact,unseen,N5
,,ほんとう,,,unseen,N5
179,欲しい,hoshii,"Adjective, い-adjective",want,unseen,N5
,,ほしい,,,unseen,N5
180,細い,hosoi,"Adjective, い-adjective",thin; slender,unseen,N5
,,ほそい,,,unseen,N5
181,ホテル,hoteru,"Noun, Katakana",hotel,unseen,N5
,,,,,,
182,百,hyaku,"Noun, Numeric",100; hundred,unseen,N5
,,ひゃく,,,unseen,N5
183,一,ichi,"Noun, Prefix, Suffix, Numeric",one; best; first; foremost; start,unseen,N5
,,いち,,,unseen,N5
184,一番,ichiban,"Noun, Adverb","number one; first; 1st, first place​; best; most​",unseen,N5
,,いちばん,,,unseen,N5
185,一日,ichinichi,"Noun, Adverbial Noun","one day, all day",unseen,N5
,,いちにち,,,unseen,N5
186,家,ie,Noun,"house, residence, family",unseen,N5
,,いえ,,,unseen,N5
187,いかが,ikaga,Adverb,how; in what way; how about​,unseen,N5
,,,,,,
188,池,ike,Noun,pond,unseen,N5
,,いけ,,,unseen,N5
189,行く,iku,"Verb, Godan verb, Intransitive verb",to go; to move,unseen,N5
,,いく,,,unseen,N5
190,いくら,ikura,"Noun, Adverb",how much?; how many?​,unseen,N5
,,,,,,
191,いくつ,ikutsu,Adverb,"how many?,how old?",unseen,N5
,,,,,,
192,今,ima,"Noun, Adverbial Noun",now; the present time; soon,unseen,N5
,,いま,,,unseen,N5
193,意味,imi,Noun,meaning; significance; sense,unseen,N5
,,いみ,,,unseen,N5
194,妹,imouto,Noun,younger sister,unseen,N5
,,いもうと,,,unseen,N5
195,犬,inu,Noun,dog,unseen,N5
,,いぬ,,,unseen,N5
196,入れる,ireru,"Verb, Ichidan verb, Transitive verb",to put in; to let in; to take in; to bring in; to insert; to install,unseen,N5
,,いれる,,,unseen,N5
197,入口,iriguchi,Noun,entrance; entry; gate,unseen,N5
,,いりぐち,,,unseen,N5
198,色,iro,Noun,colour; color,unseen,N5
,,いろ,,,unseen,N5
199,色々,iroiro,"Noun, Adjective, な-adjective, Adverb",various,unseen,N5
,,いろいろ,,,unseen,N5
200,要る,iru,"Verb, Godan verb, Intransitive verb",to be needed,unseen,N5
,,いる,,,unseen,N5
201,居る,iru,"Verb, Ichidan verb, Intransitive verb","to be, to have",unseen,N5
,,いる,,,unseen,N5
202,医者,isha,Noun,(medical) doctor; physician,unseen,N5
,,いしゃ,,,unseen,N5
203,忙しい,isogashii,"Adjective, い-adjective",busy,unseen,N5
,,いそがしい,,,unseen,N5
204,一緒,issho,Noun,together; at the same time; same; identical,unseen,N5
,,いっしょ,,,unseen,N5
205,椅子,isu,Noun,chair,unseen,N5
,,いす,,,unseen,N5
206,痛い,itai,"Adjective, い-adjective",painful; sore​,unseen,N5
,,いたい,,,unseen,N5
207,いつ,itsu,Pronoun,when,unseen,N5
,,,,,,
208,五日,itsuka,Noun,the fifth day of the month / 5 days,unseen,N5
,,いつか,,,unseen,N5
209,五つ,itsutsu,"Noun, Numeric",five; 5,unseen,N5
,,いつつ,,,unseen,N5
210,言う,iu,"Verb, Godan verb",to say; to call,unseen,N5
,,いう,,,unseen,N5
211,嫌,iya,"Noun, Adjective, な-adjective",unpleasant,unseen,N5
,,いや,,,unseen,N5
212,じゃあ,jaa,Conjunction,then; well; so; well then,unseen,N5
,,,,,,
213,字引,jibiki,Noun,dictionary,unseen,N5
,,じびき,,,unseen,N5
214,自分,jibun,Pronoun,myself; yourself; oneself; himself; herself; i; me,unseen,N5
,,じぶん,,,unseen,N5
215,自動車,jidousha,Noun,automobile; motorcar; motor vehicle; car,unseen,N5
,,じどうしゃ,,,unseen,N5
216,時間,jikan,Noun,time; hour(s),unseen,N5
,,じかん,,,unseen,N5
217,辞書,jisho,Noun,dictionary,unseen,N5
,,じしょ,,,unseen,N5
218,自転車,jitensha,Noun,bicycle,unseen,N5
,,じてんしゃ,,,unseen,N5
219,丈夫,joubu,"Adjective, な-adjective","strong, durable",unseen,N5
,,じょうぶ,,,unseen,N5
220,上手,jouzu,"Noun, Adjective, な-adjective",skillful; skilled; proficient; good (at),unseen,N5
,,じょうず,,,unseen,N5
221,授業,jugyou,"Noun, Suru verb",lesson; class work,unseen,N5
,,じゅぎょう,,,unseen,N5
222,十,juu,"Noun, Numeric",ten; 10,unseen,N5
,,じゅう,,,unseen,N5
223,かばん,kaban,Noun,bag; basket​,unseen,N5
,,,,,,
224,花瓶,kabin,Noun,a vase,unseen,N5
,,かびん,,,unseen,N5
225,角,kado,Noun,a corner; angle​,unseen,N5
,,かど,,,unseen,N5
226,帰る,kaeru,"Verb, Godan verb, Intransitive verb",to go back​,unseen,N5
,,かえる,,,unseen,N5
227,返す,kaesu,"Verb, Godan verb, Transitive verb",to return something,unseen,N5
,,かえす,,,unseen,N5
228,鍵,kagi,Noun,key,unseen,N5
,,かぎ,,,unseen,N5
229,階段,kaidan,Noun,stairs; stairway; staircase,unseen,N5
,,かいだん,,,unseen,N5
230,買い物,kaimono,Noun,shopping; purchased goods,unseen,N5
,,かいもの,,,unseen,N5
231,会社,kaisha,Noun,company; corporation,unseen,N5
,,かいしゃ,,,unseen,N5
232,掛かる,kakaru,"Verb, Godan verb, Intransitive verb","to take (a resource, e.g. time or money)",unseen,N5
,,かかる,,,unseen,N5
233,掛ける,kakeru,"Verb, Ichidan verb, Transitive verb",to hang up; to make (a call)​;,unseen,N5
,,かける,,,unseen,N5
234,書く,kaku,"Verb, Godan verb, Transitive verb",to write; to compose; to pen; to draw,unseen,N5
,,かく,,,unseen,N5
235,カメラ,kamera,"Noun, Katakana",camera,unseen,N5
,,,,,,
236,紙,kami,Noun,paper,unseen,N5
,,かみ,,,unseen,N5
237,漢字,kanji,Noun,kanji,unseen,N5
,,かんじ,,,unseen,N5
238,カップ,kappu,"Noun, Katakana",cup,unseen,N5
,,,,,,
239,体,karada,Noun,body,unseen,N5
,,からだ,,,unseen,N5
240,辛い,karai,い-adjective,spicy,unseen,N5
,,からい,,,unseen,N5
241,カレー,karee,"Noun, Katakana",curry,unseen,N5
,,,,,,
242,カレンダー,karendaa,"Noun, Katakana",calendar,unseen,N5
,,,,,,
243,借りる,kariru,"Verb, Ichidan verb, Transitive verb",to borrow,unseen,N5
,,かりる,,,unseen,N5
244,軽い,karui,"Adjective, い-adjective",light,unseen,N5
,,かるい,,,unseen,N5
245,傘,kasa,Noun,umbrella,unseen,N5
,,かさ,,,unseen,N5
246,貸す,kasu,"Verb, Godan verb, Transitive verb",to lend; to loan,unseen,N5
,,かす,,,unseen,N5
247,方,kata,Noun,way of doing something,unseen,N5
,,かた,,,unseen,N5
248,家庭,katei,Noun,household,unseen,N5
,,かてい,,,unseen,N5
249,買う,kau,"Verb, Godan verb, Transitive verb",to buy; to purchase,unseen,N5
,,かう,,,unseen,N5
250,川,kawa,"Noun, Suffix",river; stream​,unseen,N5
,,かわ,,,unseen,N5
251,可愛い,kawaii,"Adjective, い-adjective",cute,unseen,N5
,,かわいい,,,unseen,N5
252,火曜日,kayoubi,Noun,Tuesday,unseen,N5
,,かようび,,,unseen,N5
253,風,kaze,Noun,wind,unseen,N5
,,かぜ,,,unseen,N5
254,風邪,kaze,Noun,a cold,unseen,N5
,,かぜ,,,unseen,N5
255,家族,kazoku,Noun,family; members of a family,unseen,N5
,,かぞく,,,unseen,N5
256,警官,keikan,Noun,policeman; police officer,unseen,N5
,,けいかん,,,unseen,N5
257,結婚,kekkon,"Noun, Suru verb",marriage,unseen,N5
,,けっこん,,,unseen,N5
258,結構,kekkou,"Noun, Adverbial Noun, Adjective, な-adjective, Adverb","splendid, enough",unseen,N5
,,けっこう,,,unseen,N5
259,今朝,kesa,"Noun, Temporal noun",this morning,unseen,N5
,,けさ,,,unseen,N5
260,消す,kesu,"Verb, Godan verb, Transitive verb","to erase, to turn off power",unseen,N5
,,けす,,,unseen,N5
261,木,ki,Noun,tree; shrub; bush; wood; timber,unseen,N5
,,き,,,unseen,N5
262,消える,kieru,"Verb, Ichidan verb, Intransitive verb",to disappear,unseen,N5
,,きえる,,,unseen,N5
263,黄色い,kiiroi,"Adjective, い-adjective",yellow,unseen,N5
,,きいろい,,,unseen,N5
264,聞く,kiku,"Verb, Godan verb, Transitive verb",to hear; to listen (to music); to ask; to learn of,unseen,N5
,,きく,,,unseen,N5
265,昨日,kinou,Noun,yesterday,unseen,N5
,,きのう,,,unseen,N5
266,金曜日,kinyoubi,Noun,Friday,unseen,N5
,,きんようび,,,unseen,N5
267,切符,kippu,Noun,ticket,unseen,N5
,,きっぷ,,,unseen,N5
268,嫌い,kirai,"Noun, Adjective, な-adjective",hate,unseen,N5
,,きらい,,,unseen,N5
269,綺麗,kirei,"Adjective, な-adjective",pretty; lovely; beautiful,unseen,N5
,,きれい,,,unseen,N5
270,キログラム,kiro guramu,"Noun, Katakana",kilogram,unseen,N5
,,,,,,
271,キロメートル,kiro meetoru,"Noun, Katakana",kilometer,unseen,N5
,,,,,,
272,切る,kiru,"Verb, Godan verb, Transitive verb",to cut,unseen,N5
,,きる,,,unseen,N5
273,着る,kiru,"Verb, Ichidan verb, Transitive verb",to wear,unseen,N5
,,きる,,,unseen,N5
274,喫茶店,kissaten,Noun,coffee shop; tearoom; cafe,unseen,N5
,,きっさてん,,,unseen,N5
275,北,kita,Noun,north,unseen,N5
,,きた,,,unseen,N5
276,汚い,kitanai,"Adjective, い-adjective",dirty,unseen,N5
,,きたない,,,unseen,N5
277,切手,kitte,Noun,stamp (postage),unseen,N5
,,きって,,,unseen,N5
278,こっち,kocchi,Noun,this person or way,unseen,N5
,,,,,,
279,こちら,kochira,Noun,this way; this direction​,unseen,N5
,,,,,,
280,子供,kodomo,Noun,child,unseen,N5
,,こども,,,unseen,N5
281,声,koe,Noun,voice,unseen,N5
,,こえ,,,unseen,N5
282,ここ,koko,Pronoun,here; this place,unseen,N5
,,,,,,
283,九日,kokonoka,Noun,ninth day of the month / 9 days,unseen,N5
,,ここのか,,,unseen,N5
284,九つ,kokonotsu,"Noun, Numeric",nine; 9,unseen,N5
,,ここのつ,,,unseen,N5
285,困る,komaru,"Verb, Godan verb, Intransitive verb",to be troubled,unseen,N5
,,こまる,,,unseen,N5
286,今晩,konban,Noun,tonight; this evening,unseen,N5
,,こんばん,,,unseen,N5
287,今月,kongetsu,Noun,this month,unseen,N5
,,こんげつ,,,unseen,N5
288,こんな,konna,Pre-noun adjectival,such; like this​,unseen,N5
,,,,,,
289,この,kono,Pre-noun adjectival,this​,unseen,N5
,,,,,,
290,今週,konshuu,Noun,this week,unseen,N5
,,こんしゅう,,,unseen,N5
291,コーヒー,koohii,"Noun, Katakana",Coffee,unseen,N5
,,,,,,
292,コート,kooto,"Noun, Katakana",coat,unseen,N5
,,,,,,
293,コピー,kopii,"Noun, Suru verb, Katakana",copy; photocopy,unseen,N5
,,,,,,
294,コップ,koppu,"Noun, Katakana",glass (drinking vessel); tumbler​,unseen,N5
,,,,,,
295,これ,kore,Pronoun,this,unseen,N5
,,,,,,
296,答える,kotaeru,"Verb, Ichidan verb, Intransitive verb",to answer,unseen,N5
,,こたえる,,,unseen,N5
297,言葉,kotoba,Noun,word; words,unseen,N5
,,ことば,,,unseen,N5
298,今年,kotoshi,Noun,this year,unseen,N5
,,ことし,,,unseen,N5
299,交番,kouban,Noun,police box,unseen,N5
,,こうばん,,,unseen,N5
300,紅茶,koucha,Noun,black tea,unseen,N5
,,こうちゃ,,,unseen,N5
301,公園,kouen,Noun,park,unseen,N5
,,こうえん,,,unseen,N5
302,交差点,kousaten,Noun,intersection,unseen,N5
,,こうさてん,,,unseen,N5
303,口,kuchi,Noun,"mouth, opening",unseen,N5
,,くち,,,unseen,N5
304,果物,kudamono,Noun,fruit,unseen,N5
,,くだもの,,,unseen,N5
305,下さい,kudasai,Expression,please,unseen,N5
,,ください,,,unseen,N5
306,曇り,kumori,Noun,cloudiness; cloudy weather,unseen,N5
,,くもり,,,unseen,N5
307,曇る,kumoru,"Verb, Godan verb, Intransitive verb","to become cloudy, to become dim",unseen,N5
,,くもる,,,unseen,N5
308,国,kuni,Noun,country; state; region,unseen,N5
,,くに,,,unseen,N5
309,暗い,kurai,"Adjective, い-adjective",dark; gloomy; murky,unseen,N5
,,くらい,,,unseen,N5
310,クラス,kurasu,"Noun, Katakana",class,unseen,N5
,,,,,,
311,黒,kuro,Noun,black,unseen,N5
,,くろ,,,unseen,N5
312,黒い,kuroi,い-adjective,black,unseen,N5
,,くろい,,,unseen,N5
313,来る,kuru,"Verb, Intransitive verb",to come,unseen,N5
,,くる,,,unseen,N5
314,車,kuruma,Noun,car; automobile; vehicle,unseen,N5
,,くるま,,,unseen,N5
315,薬,kusuri,Noun,medicine,unseen,N5
,,くすり,,,unseen,N5
316,靴,kutsu,Noun,shoes,unseen,N5
,,くつ,,,unseen,N5
317,靴下,kutsushita,Noun,socks,unseen,N5
,,くつした,,,unseen,N5
318,去年,kyonen,Noun,last year,unseen,N5
,,きょねん,,,unseen,N5
319,今日,kyou,"Noun, Temporal noun",today; this day,unseen,N5
,,きょう,,,unseen,N5
320,兄弟,kyoudai,Noun,siblings; brothers and sisters​; mate,unseen,N5
,,きょうだい,,,unseen,N5
321,教室,kyoushitsu,Noun,classroom,unseen,N5
,,きょうしつ,,,unseen,N5
322,九,kyuu,"Noun, Numeric",nine; 9,unseen,N5
,,きゅう,,,unseen,N5
323,マッチ,macchi,"Noun, Katakana",match,unseen,N5
,,,,,,
324,町,machi,Noun,town; block; neighborhood,unseen,N5
,,まち,,,unseen,N5
325,窓,mado,Noun,window,unseen,N5
,,まど,,,unseen,N5
326,前,mae,"Noun, Suffix",previous; before; in front; ago,unseen,N5
,,まえ,,,unseen,N5
327,曲がる,magaru,"Verb, Godan verb, Intransitive verb","to turn, to bend",unseen,N5
,,まがる,,,unseen,N5
328,毎朝,maiasa,Noun,every morning,unseen,N5
,,まいあさ,,,unseen,N5
329,毎晩,maiban,Noun,every night,unseen,N5
,,まいばん,,,unseen,N5
330,毎日,mainichi,Noun,every day,unseen,N5
,,まいにち,,,unseen,N5
331,毎週,maishuu,Noun,every week,unseen,N5
,,まいしゅう,,,unseen,N5
332,毎年,maitoshi / mainen,Noun,every year; yearly; annually,unseen,N5
,,まいとし / まいねん,,,unseen,N5
333,毎月,maitsuki,Noun,every month; monthly,unseen,N5
,,まいつき,,,unseen,N5
334,万,man,"Noun, Numeric","10,000; ten thousand",unseen,N5
,,まん,,,unseen,N5
335,万年筆,mannenhitsu,Noun,fountain pen,unseen,N5
,,まんねんひつ,,,unseen,N5
336,丸い,marui,"Adjective, い-adjective","round,circular",unseen,N5
,,まるい,,,unseen,N5
337,真っ直ぐ,massugu,"Noun, Adjective, な-adjective, Adverb","straight ahead,direct",unseen,N5
,,まっすぐ,,,unseen,N5
338,待つ,matsu,"Verb, Godan verb, Intransitive verb, Transitive verb",to wait​,unseen,N5
,,まつ,,,unseen,N5
339,不味い,mazui,"Adjective, い-adjective",unpleasant,unseen,N5
,,まずい,,,unseen,N5
340,目,me,Noun,eye,unseen,N5
,,め,,,unseen,N5
341,メートル,meetoru,"Noun, Katakana",metre; meter,unseen,N5
,,,,,,
342,眼鏡,megane,Noun,glasses,unseen,N5
,,めがね,,,unseen,N5
343,道,michi,Noun,road; street,unseen,N5
,,みち,,,unseen,N5
344,緑,midori,Noun,green,unseen,N5
,,みどり,,,unseen,N5
345,磨く,migaku,"Verb, Godan verb, Intransitive verb",to polish; to shine; to brush (e.g. teeth),unseen,N5
,,みがく,,,unseen,N5
346,右,migi,Noun,right; right hand side,unseen,N5
,,みぎ,,,unseen,N5
347,短い,mijikai,"Adjective, い-adjective",short,unseen,N5
,,みじかい,,,unseen,N5
348,三日,mikka,Noun,the third day of the month / 3 days,unseen,N5
,,みっか,,,unseen,N5
349,耳,mimi,Noun,ear; hearing,unseen,N5
,,みみ,,,unseen,N5
350,南,minami,Noun,south,unseen,N5
,,みなみ,,,unseen,N5
351,皆さん,minasan,Noun,everyone,unseen,N5
,,みなさん,,,unseen,N5
352,みんな,minna,"Noun, Adverb",all; everyone; everybody,unseen,N5
,,,,,,
353,見る,miru,"Verb, Ichidan verb, Transitive verb",to see; to look; to watch; to view; to observe,unseen,N5
,,みる,,,unseen,N5
354,店,mise,Noun,store; shop; establishment; restaurant,unseen,N5
,,みせ,,,unseen,N5
355,見せる,miseru,"Verb, Ichidan verb, Transitive verb",to show; to display,unseen,N5
,,みせる,,,unseen,N5
356,三つ,mittsu,"Noun, Numeric",three; 3,unseen,N5
,,みっつ,,,unseen,N5
357,水,mizu,Noun,water; fluid; liquid​,unseen,N5
,,みず,,,unseen,N5
358,木曜日,mokuyoubi,Noun,Thursday,unseen,N5
,,もくようび,,,unseen,N5
359,門,mon,Noun,gate,unseen,N5
,,もん,,,unseen,N5
360,問題,mondai,Noun,problem; question (e.g. on a test),unseen,N5
,,もんだい,,,unseen,N5
361,物,mono,Noun,thing,unseen,N5
,,もの,,,unseen,N5
362,持つ,motsu,"Verb, Godan verb",to hold,unseen,N5
,,もつ,,,unseen,N5
363,もっと,motto,Adverb,more; longer; further,unseen,N5
,,,,,,
364,もう一度,mouichido,Expression,once more; again,unseen,N5
,,もういちど,,,unseen,N5
365,六日,muika,Noun,sixth day of the month / 6 days,unseen,N5
,,むいか,,,unseen,N5
366,向こう,mukou,Noun,over there,unseen,N5
,,むこう,,,unseen,N5
367,村,mura,Noun,village,unseen,N5
,,むら,,,unseen,N5
368,六つ,muttsu,"Noun, Numeric",six; 6,unseen,N5
,,むっつ,,,unseen,N5
369,難しい,muzukashii,"Adjective, い-adjective",difficult,unseen,N5
,,むずかしい,,,unseen,N5
370,長い,nagai,"Adjective, い-adjective",long (distance)​; long (time); lengthy.,unseen,N5
,,ながい,,,unseen,N5
371,ナイフ,naifu,"Noun, Katakana",knife,unseen,N5
,,,,,,
372,中,naka,Noun,inside; in; within; center,unseen,N5
,,なか,,,unseen,N5
373,鳴く,naku,"Verb, Godan verb, Intransitive verb",animal noise. to chirp,unseen,N5
,,なく,,,unseen,N5
374,無くす,nakusu,"Verb, Godan verb, Transitive verb",to lose (something),unseen,N5
,,なくす,,,unseen,N5
375,名前,namae,Noun,name; full name; given name,unseen,N5
,,なまえ,,,unseen,N5
376,七つ,nanatsu,"Noun, Numeric",seven; 7,unseen,N5
,,ななつ,,,unseen,N5
377,何,nani,"Noun, Pronoun, Prefix",what,unseen,N5
,,なに,,,unseen,N5
378,七日,nanoka,Noun,seventh day of the month / 7 days,unseen,N5
,,なのか,,,unseen,N5
379,並べる,naraberu,"Verb, Ichidan verb, Transitive verb","to line up,to set up",unseen,N5
,,ならべる,,,unseen,N5
380,並ぶ,narabu,"Verb, Godan verb, Intransitive verb","to line up,to stand in a line",unseen,N5
,,ならぶ,,,unseen,N5
381,習う,narau,"Verb, Godan verb, Transitive verb",to be taught; to learn (from a teacher),unseen,N5
,,ならう,,,unseen,N5
382,夏,natsu,Noun,summer,unseen,N5
,,なつ,,,unseen,N5
383,夏休み,natsuyasumi,Noun,summer vacation; summer holiday,unseen,N5
,,なつやすみ,,,unseen,N5
384,何故,naze,Adverb,why; how,unseen,N5
,,なぜ,,,unseen,N5
385,猫,neko,Noun,cat,unseen,N5
,,ねこ,,,unseen,N5
386,ネクタイ,nekutai,"Noun, Katakana",tie; necktie,unseen,N5
,,,,,,
387,寝る,neru,"Verb, Ichidan verb, Intransitive verb",to sleep; to go to bed; to lie down,unseen,N5
,,ねる,,,unseen,N5
388,二,ni,"Noun, Numeric",two; 2,unseen,N5
,,に,,,unseen,N5
389,日曜日,nichiyoubi,Noun,Sunday,unseen,N5
,,にちようび,,,unseen,N5
390,賑やか,nigiyaka,"Adjective, な-adjective","bustling,busy",unseen,N5
,,にぎやか,,,unseen,N5
391,日記,nikki,Noun,diary; journal,unseen,N5
,,にっき,,,unseen,N5
392,肉,niku,Noun,meat,unseen,N5
,,にく,,,unseen,N5
393,荷物,nimotsu,Noun,luggage; baggage,unseen,N5
,,にもつ,,,unseen,N5
394,西,nishi,Noun,west,unseen,N5
,,にし,,,unseen,N5
395,庭,niwa,Noun,garden,unseen,N5
,,にわ,,,unseen,N5
396,登る,noboru,"Verb, Godan verb, Intransitive verb",to climb,unseen,N5
,,のぼる,,,unseen,N5
397,飲み物,nomimono,Noun,drink; beverage,unseen,N5
,,のみもの,,,unseen,N5
398,飲む,nomu,"Verb, Godan verb, Transitive verb",to drink,unseen,N5
,,のむ,,,unseen,N5
399,ノート,nooto,"Noun, Katakana",notebook,unseen,N5
,,,,,,
400,乗る,noru,"Verb, Godan verb, Intransitive verb","to get on (train, plane, bus, ship, etc.)",unseen,N5
,,のる,,,unseen,N5
401,脱ぐ,nugu,"Verb, Godan verb, Transitive verb",to take off clothes,unseen,N5
,,ぬぐ,,,unseen,N5
402,温い,nurui,"Adjective, い-adjective",luke warm,unseen,N5
,,ぬるい,,,unseen,N5
403,ニュース,nyuusu,"Noun, Katakana",news,unseen,N5
,,,,,,
404,おばあさん,obaasan,Noun,grandmother,unseen,N5
,,,,,,
405,伯母さん,obasan,Noun,aunt; old lady,unseen,N5
,,おばさん,,,unseen,N5
406,お弁当,obentou,Noun,lunch box; Japanese box lunch,unseen,N5
,,おべんとう,,,unseen,N5
407,覚える,oboeru,"Verb, Ichidan verb, Transitive verb",to remember,unseen,N5
,,おぼえる,,,unseen,N5
408,お茶,ocha,Noun,tea,unseen,N5
,,おちゃ,,,unseen,N5
409,お風呂,ofuro,Noun,bath,unseen,N5
,,おふろ,,,unseen,N5
410,美味しい,oishii,い-adjective,delicious,unseen,N5
,,おいしい,,,unseen,N5
411,伯父さん,ojisan,Noun,uncle; old man; mister,unseen,N5
,,おじさん,,,unseen,N5
412,お母さん,okaasan,Noun,mother; mom; mum; ma,unseen,N5
,,おかあさん,,,unseen,N5
413,お金,okane,Noun,money,unseen,N5
,,おかね,,,unseen,N5
414,お菓子,okashi,Noun,confections; sweets; candy,unseen,N5
,,おかし,,,unseen,N5
415,起きる,okiru,"Verb, Ichidan verb, Intransitive verb",to get up; to wake up,unseen,N5
,,おきる,,,unseen,N5
416,置く,oku,"Verb, Godan verb, Transitive verb",to put; to place​,unseen,N5
,,おく,,,unseen,N5
417,奥さん,okusan,Noun,wife; your wife; his wife,unseen,N5
,,おくさん,,,unseen,N5
418,お巡りさん,omawari san,Noun,police officer (friendly term for policeman),unseen,N5
,,おまわりさん,,,unseen,N5
419,重い,omoi,い-adjective,heavy,unseen,N5
,,おもい,,,unseen,N5
420,面白い,omoshiroi,"Adjective, い-adjective",interesting,unseen,N5
,,おもしろい,,,unseen,N5
421,同じ,onaji,"Noun, Adverb",same,unseen,N5
,,おなじ,,,unseen,N5
422,お腹,onaka,Noun,stomach,unseen,N5
,,おなか,,,unseen,N5
423,お姉さん,oneesan,Noun,elder sister; young lady; miss; ma'am,unseen,N5
,,おねえさん,,,unseen,N5
424,音楽,ongaku,Noun,music,unseen,N5
,,おんがく,,,unseen,N5
425,お兄さん,oniisan,Noun,older brother; elder brother; young man; buddy,unseen,N5
,,おにいさん,,,unseen,N5
426,女,onna,"Noun, Prefix",woman; female sex,unseen,N5
,,おんな,,,unseen,N5
427,女の子,onnanoko,"Noun, Expression",girl; daughter; young women,unseen,N5
,,おんなのこ,,,unseen,N5
428,多い,ooi,"Adjective, い-adjective",many; numerous; a lot; large quantity; frequent,unseen,N5
,,おおい,,,unseen,N5
429,大きい,ookii,"Adjective, い-adjective",big; large; great; important,unseen,N5
,,おおきい,,,unseen,N5
430,大きな,ookina,Pre-noun adjectival,big; large; great​,unseen,N5
,,おおきな,,,unseen,N5
431,大勢,oozei,Noun,crowd of people; great number of people,unseen,N5
,,おおぜい,,,unseen,N5
432,降りる,oriru,"Verb, Ichidan verb, Intransitive verb",to get off,unseen,N5
,,おりる,,,unseen,N5
433,お酒,osake,Noun,alcohol,unseen,N5
,,おさけ,,,unseen,N5
434,お皿,osara,Noun,"plate, dish",unseen,N5
,,おさら,,,unseen,N5
435,教える,oshieru,"Verb, Ichidan verb, Transitive verb",to teach,unseen,N5
,,おしえる,,,unseen,N5
436,遅い,osoi,"Adjective, い-adjective",slow; time-consuming; late,unseen,N5
,,おそい,,,unseen,N5
437,押す,osu,"Verb, Godan verb, Transitive verb",to push; to press​,unseen,N5
,,おす,,,unseen,N5
438,お手洗い,otearai,Noun,toilet; restroom; lavatory; bathroom,unseen,N5
,,おてあらい,,,unseen,N5
439,男,otoko,Noun,man; male,unseen,N5
,,おとこ,,,unseen,N5
440,男の子,otokonoko,"Noun, Expression",boy; male child; baby boy,unseen,N5
,,おとこのこ,,,unseen,N5
441,大人,otona,Noun,adult,unseen,N5
,,おとな,,,unseen,N5
442,一昨日,ototoi,Noun,day before yesterday,unseen,N5
,,おととい,,,unseen,N5
443,一昨年,ototoshi,Noun,year before last,unseen,N5
,,おととし,,,unseen,N5
444,お父さん,otousan,Noun,father; dad; papa; pa; pop; daddy,unseen,N5
,,おとうさん,,,unseen,N5
445,弟,otouto,Noun,younger brother,unseen,N5
,,おとうと,,,unseen,N5
446,終わる,owaru,"Verb, Godan verb, Intransitive verb",to finish; to end,unseen,N5
,,おわる,,,unseen,N5
447,泳ぐ,oyogu,"Verb, Godan verb, Intransitive verb",to swim,unseen,N5
,,およぐ,,,unseen,N5
448,パーティー,paatii,"Noun, Katakana",party,unseen,N5
,,,,,,
449,パン,pan,"Noun, Katakana",bread,unseen,N5
,,,,,,
450,ページ,peeji,"Noun, Katakana",page,unseen,N5
,,,,,,
451,ペン,pen,"Noun, Katakana",pen,unseen,N5
,,,,,,
452,ペット,petto,"Noun, Katakana",pet,unseen,N5
,,,,,,
453,ポケット,poketto,Noun,pocket,unseen,N5
,,,,,,
454,ポスト,posuto,"Noun, Katakana",post,unseen,N5
,,,,,,
455,プール,puuru,"Noun, Katakana",swimming pool,unseen,N5
,,,,,,
456,来月,raigetsu,Noun,next month,unseen,N5
,,らいげつ,,,unseen,N5
457,来年,rainen,Noun,next year,unseen,N5
,,らいねん,,,unseen,N5
458,来週,raishuu,Noun,next week,unseen,N5
,,らいしゅう,,,unseen,N5
459,ラジオ,rajiio,"Noun, Katakana",radio,unseen,N5
,,,,,,
460,零,rei,Noun,zero,unseen,N5
,,れい,,,unseen,N5
461,冷蔵庫,reizouko,Noun,refrigerator,unseen,N5
,,れいぞうこ,,,unseen,N5
462,レコード,rekoodo,"Noun, Katakana",record,unseen,N5
,,,,,,
463,練習,renshuu,"Noun, Verb, Suru verb",practice; practicing,unseen,N5
,,れんしゅう,,,unseen,N5
464,レストラン,resutoran,"Noun, Katakana",restaurant,unseen,N5
,,,,,,
465,立派,rippa,"Adjective, な-adjective",splendid,unseen,N5
,,りっぱ,,,unseen,N5
466,六,roku,"Noun, Numeric",six; 6,unseen,N5
,,ろく,,,unseen,N5
467,廊下,rouka,Noun,corridor; hallway; passageway,unseen,N5
,,ろうか,,,unseen,N5
468,旅行,ryokou,"Noun, Verb, Suru verb",travel; trip; journey; excursion; tour,unseen,N5
,,りょこう,,,unseen,N5
469,料理,ryouri,"Noun, Suru verb",cuisine,unseen,N5
,,りょうり,,,unseen,N5
470,両親,ryoushin,Noun,parents; both parents,unseen,N5
,,りょうしん,,,unseen,N5
471,留学生,ryuugakusei,Noun,overseas student; exchange student,unseen,N5
,,りゅうがくせい,,,unseen,N5
472,さあ,saa,Conjunction,well…,unseen,N5
,,,,,,
473,財布,saifu,Noun,purse; wallet,unseen,N5
,,さいふ,,,unseen,N5
474,魚,sakana,Noun,fish,unseen,N5
,,さかな,,,unseen,N5
475,先,saki,"Noun, Prefix, Suffix",previous; prior; first; earlier,unseen,N5
,,さき,,,unseen,N5
476,咲く,saku,"Verb, Godan verb, Intransitive verb",to bloom,unseen,N5
,,さく,,,unseen,N5
477,作文,sakubun,Noun,writing; composition,unseen,N5
,,さくぶん,,,unseen,N5
478,寒い,samui,"Adjective, い-adjective",cold,unseen,N5
,,さむい,,,unseen,N5
479,三,san,"Noun, Numeric",three; 3,unseen,N5
,,さん,,,unseen,N5
480,散歩,sanpo,"Noun, Verb, Suru verb",walk; stroll,unseen,N5
,,さんぽ,,,unseen,N5
481,再来年,sarainen,Noun,year after next,unseen,N5
,,さらいねん,,,unseen,N5
482,差す,sasu,"Verb, Godan verb, Transitive verb","to stretch out hands, to raise an umbrella",unseen,N5
,,さす,,,unseen,N5
483,砂糖,satou,Noun,sugar,unseen,N5
,,さとう,,,unseen,N5
484,背,se,Noun,height; stature; back; spine,unseen,N5
,,せ,,,unseen,N5
485,背広,sebiro,Noun,business suit,unseen,N5
,,せびろ,,,unseen,N5
486,セーター,seetaa,"Noun, Katakana",sweater; jumper,unseen,N5
,,,,,,
487,生徒,seito,Noun,pupil; student,unseen,N5
,,せいと,,,unseen,N5
488,石鹼,sekken,Noun,soap,unseen,N5
,,せっけん,,,unseen,N5
489,狭い,semai,い-adjective,narrow,unseen,N5
,,せまい,,,unseen,N5
490,千,sen,"Noun, Numeric","1,000; thousand",unseen,N5
,,せん,,,unseen,N5
491,先月,sengetsu,Noun,last month,unseen,N5
,,せんげつ,,,unseen,N5
492,先生,sensei,"Noun, Suffix",teacher; instructor; master,unseen,N5
,,せんせい,,,unseen,N5
493,先週,senshuu,Noun,last week,unseen,N5
,,せんしゅう,,,unseen,N5
494,洗濯,sentaku,"Noun, Suru verb",washing; laundry,unseen,N5
,,せんたく,,,unseen,N5
495,写真,shashin,Noun,photograph; photo,unseen,N5
,,しゃしん,,,unseen,N5
496,シャツ,shatsu,"Noun, Katakana",shirt,unseen,N5
,,,,,,
497,シャワー,shawaa,"Noun, Katakana",shower,unseen,N5
,,,,,,
498,四,shi,"Noun, Numeric",four; 4,unseen,N5
,,し,,,unseen,N5
499,七,shichi,"Noun, Numeric",seven; 7,unseen,N5
,,しち,,,unseen,N5
500,仕事,shigoto,"Noun, Verb, Suru verb",work; job; business,unseen,N5
,,しごと,,,unseen,N5
501,閉まる,shimaru,"Verb, Godan verb, Intransitive verb","to close, to be closed",unseen,N5
,,しまる,,,unseen,N5
502,閉める,shimeru,"Verb, Ichidan verb, Transitive verb",to close; to shut,unseen,N5
,,しめる,,,unseen,N5
503,締める,shimeru,"Verb, Ichidan verb, Transitive verb",to tie; to fasten; to tighten​,unseen,N5
,,しめる,,,unseen,N5
504,新聞,shinbun,Noun,newspaper,unseen,N5
,,しんぶん,,,unseen,N5
505,死ぬ,shinu,"Verb, Godan verb, Intransitive verb",to die,unseen,N5
,,しぬ,,,unseen,N5
506,塩,shio,Noun,salt,unseen,N5
,,しお,,,unseen,N5
507,白,shiro,Noun,white; innocence; innocent person,unseen,N5
,,しろ,,,unseen,N5
508,白い,shiroi,"Adjective, い-adjective",white,unseen,N5
,,しろい,,,unseen,N5
509,知る,shiru,"Verb, Godan verb, Transitive verb",to know,unseen,N5
,,しる,,,unseen,N5
510,下,shita,Noun,below; down; under; bottom,unseen,N5
,,した,,,unseen,N5
511,質問,shitsumon,"Noun, Verb, Suru verb",question; inquiry,unseen,N5
,,しつもん,,,unseen,N5
512,静か,shizuka,"Adjective, な-adjective",quiet,unseen,N5
,,しずか,,,unseen,N5
513,食堂,shokudou,Noun,cafeteria; dining room,unseen,N5
,,しょくどう,,,unseen,N5
514,醬油,shouyu,Noun,soy sauce,unseen,N5
,,しょうゆ,,,unseen,N5
515,宿題,shukudai,Noun,homework; assignment; pending issue,unseen,N5
,,しゅくだい,,,unseen,N5
516,そば,soba,Noun,near; beside,unseen,N5
,,,,,,
517,そっち,socchi,Pronoun,that way; ​over there,unseen,N5
,,,,,,
518,そちら,sochira,Pronoun,"that way (distant from speaker, close to listener); you; your family",unseen,N5
,,,,,,
519,そこ,soko,Pronoun,that place​; there,unseen,N5
,,,,,,
520,その,sono,Pre-noun adjectival,that,unseen,N5
,,,,,,
521,空,sora,Noun,sky; the air,unseen,N5
,,そら,,,unseen,N5
522,それ,sore,Pronoun,that,unseen,N5
,,,,,,
523,それでは,sore dewa,Expression,in that situation,unseen,N5
,,,,,,
524,外,soto,Noun,outside; exterior;,unseen,N5
,,そと,,,unseen,N5
525,掃除,souji,"Noun, Suru verb","to clean, to sweep",unseen,N5
,,そうじ,,,unseen,N5
526,直ぐに,sugu ni,Adverb,immediately; right away; instantly​,unseen,N5
,,すぐに,,,unseen,N5
527,水曜日,suiyoubi,Noun,Wednesday,unseen,N5
,,すいようび,,,unseen,N5
528,スカート,sukaato,"Noun, Katakana",skirt,unseen,N5
,,,,,,
529,好き,suki,"Noun, Adjective, な-adjective",like,unseen,N5
,,すき,,,unseen,N5
530,少し,sukoshi,"Noun, Adverb",a little (bit); small quantity; few; short distance,unseen,N5
,,すこし,,,unseen,N5
531,少ない,sukunai,い-adjective,few; a little; scarce; insufficient; seldom,unseen,N5
,,すくない,,,unseen,N5
532,住む,sumu,"Verb, Godan verb, Intransitive verb",to live in; to reside; to inhabit; to dwell; to abide,unseen,N5
,,すむ,,,unseen,N5
533,スポーツ,supootsu,"Noun, Katakana",sport; sports,unseen,N5
,,,,,,
534,スプーン,supuun,"Noun, Katakana",spoon,unseen,N5
,,,,,,
535,スリッパ,surippa,"Noun, Katakana",slipper; slippers,unseen,N5
,,,,,,
536,ストーブ,sutoobu,"Noun, Katakana",heater; stove,unseen,N5
,,,,,,
537,吸う,suu,"Verb, Godan verb, Transitive verb","to smoke, to suck",unseen,N5
,,すう,,,unseen,N5
538,座る,suwaru,"Verb, Godan verb, Intransitive verb",to sit,unseen,N5
,,すわる,,,unseen,N5
539,涼しい,suzushii,"Adjective, い-adjective","refreshing, cool",unseen,N5
,,すずしい,,,unseen,N5
540,たばこ,tabako,Noun,tobacco; cigarette,unseen,N5
,,,,,,
541,食べ物,tabemono,Noun,food,unseen,N5
,,たべもの,,,unseen,N5
542,食べる,taberu,"Verb, Ichidan verb, Intransitive verb",to eat,unseen,N5
,,たべる,,,unseen,N5
543,多分,tabun,"Adjective, な-adjective, Adverb",perhaps; probably,unseen,N5
,,たぶん,,,unseen,N5
544,大変,taihen,"Noun, Adjective, な-adjective, Adverb",very; greatly; terribly; serious; difficult,unseen,N5
,,たいへん,,,unseen,N5
545,大切,taisetsu,"Noun, Adjective, な-adjective",important; necessary; indispensable; beloved,unseen,N5
,,たいせつ,,,unseen,N5
546,大使館,taishikan,Noun,embassy,unseen,N5
,,たいしかん,,,unseen,N5
547,高い,takai,"Adjective, い-adjective",high; tall; expensive; above average,unseen,N5
,,たかい,,,unseen,N5
548,沢山,takusan,"Noun, Adverbial Noun, Adjective, な-adjective",many,unseen,N5
,,たくさん,,,unseen,N5
549,タクシー,takushii,"Noun, Katakana",taxi,unseen,N5
,,,,,,
550,卵,tamago,Noun,eggs; egg,unseen,N5
,,たまご,,,unseen,N5
551,誕生日,tanjoubi,Noun,birthday,unseen,N5
,,たんじょうび,,,unseen,N5
552,頼む,tanomu,"Verb, Godan verb, Transitive verb",to ask,unseen,N5
,,たのむ,,,unseen,N5
553,楽しい,tanoshii,"Adjective, い-adjective",enjoyable; fun,unseen,N5
,,たのしい,,,unseen,N5
554,縦,tate,Noun,"length,height",unseen,N5
,,たて,,,unseen,N5
555,建物,tatemono,Noun,building,unseen,N5
,,たてもの,,,unseen,N5
556,立つ,tatsu,"Verb, Godan verb, Intransitive verb",to stand; to stand up​,unseen,N5
,,たつ,,,unseen,N5
557,手,te,Noun,hand; arm,unseen,N5
,,て,,,unseen,N5
558,テーブル,teeburu,"Noun, Katakana",table,unseen,N5
,,,,,,
559,テープ,teepu,"Noun, Katakana",tape,unseen,N5
,,,,,,
560,テープレコーダー,teepu rekoodaa,"Noun, Katakana",tape recorder,unseen,N5
,,,,,,
561,手紙,tegami,Noun,Letter (message)​,unseen,N5
,,てがみ,,,unseen,N5
562,天気,tenki,Noun,weather; the elements,unseen,N5
,,てんき,,,unseen,N5
563,テレビ,terebi,"Noun, Katakana",television; TV​,unseen,N5
,,,,,,
564,テスト,tesuto,"Noun, Suru verb, Katakana",examination; quiz; test,unseen,N5
,,,,,,
565,戸,to,Noun,Japanese style door,unseen,N5
,,と,,,unseen,N5
566,飛ぶ,tobu,"Verb, Godan verb, Intransitive verb",to fly; to hop,unseen,N5
,,とぶ,,,unseen,N5
567,トイレ,toire,"Noun, Katakana",toilet,unseen,N5
,,,,,,
568,時計,tokei,Noun,watch; clock; timepiece,unseen,N5
,,とけい,,,unseen,N5
569,時,toki,Noun,time; moment; occasion; chance,unseen,N5
,,とき,,,unseen,N5
570,時々,tokidoki,"Noun, Adverb",sometimes; at times,unseen,N5
,,ときどき,,,unseen,N5
571,所,tokoro,"Noun, Suffix",place,unseen,N5
,,ところ,,,unseen,N5
572,止まる,tomaru,"Verb, Godan verb, Intransitive verb",to stop; to come to a halt,unseen,N5
,,とまる,,,unseen,N5
573,友達,tomodachi,Noun,friend; companion,unseen,N5
,,ともだち,,,unseen,N5
574,隣,tonari,Noun,next door to,unseen,N5
,,となり,,,unseen,N5
575,遠い,tooi,"Adjective, い-adjective",far,unseen,N5
,,とおい,,,unseen,N5
576,十日,tooka,Noun,tenth day of the month / 10 days,unseen,N5
,,とおか,,,unseen,N5
577,鳥,tori,Noun,bird,unseen,N5
,,とり,,,unseen,N5
578,鶏肉,toriniku,Noun,chicken meat,unseen,N5
,,とりにく,,,unseen,N5
579,取る,toru,"Verb, Godan verb, Transitive verb",to take; to pick up; to harvest; to earn; to win; to choose,unseen,N5
,,とる,,,unseen,N5
580,撮る,toru,"Verb, Godan verb, Transitive verb",to take a photo or record a film,unseen,N5
,,とる,,,unseen,N5
581,年,toshi,Noun,year; age,unseen,N5
,,とし,,,unseen,N5
582,図書館,toshokan,Noun,library,unseen,N5
,,としょかん,,,unseen,N5
583,次,tsugi,Noun,next,unseen,N5
,,つぎ,,,unseen,N5
584,一日,tsuitachi,Noun,first day of the month,unseen,N5
,,ついたち,,,unseen,N5
585,疲れる,tsukareru,"Verb, Ichidan verb, Intransitive verb",to get tired,unseen,N5
,,つかれる,,,unseen,N5
586,使う,tsukau,"Verb, Godan verb, Transitive verb",to use,unseen,N5
,,つかう,,,unseen,N5
587,つける,tsukeru,"Verb, Ichidan verb, Transitive verb",to turn on,unseen,N5
,,,,,,
588,付ける,tsukeru,"Verb, Ichidan verb, Transitive verb",to attach; affix; add; apply,unseen,N5
,,つける,,,unseen,N5
589,着く,tsuku,"Verb, Godan verb, Intransitive verb",to arrive at,unseen,N5
,,つく,,,unseen,N5
590,机,tsukue,Noun,desk,unseen,N5
,,つくえ,,,unseen,N5
591,作る,tsukuru,"Verb, Godan verb, Transitive verb",to make,unseen,N5
,,つくる,,,unseen,N5
592,詰まらない,tsumaranai,"Adjective, い-adjective",boring,unseen,N5
,,つまらない,,,unseen,N5
593,冷たい,tsumetai,い-adjective,cold to the touch,unseen,N5
,,つめたい,,,unseen,N5
594,勤める,tsutomeru,"Verb, Ichidan verb, Transitive verb",to work for someone,unseen,N5
,,つとめる,,,unseen,N5
595,強い,tsuyoi,"Adjective, い-adjective",powerful,unseen,N5
,,つよい,,,unseen,N5
596,上,ue,"Noun, Suffix",above; up; over; top; surface,unseen,N5
,,うえ,,,unseen,N5
597,生まれる,umareru,"Verb, Ichidan verb, Intransitive verb",to be born,unseen,N5
,,うまれる,,,unseen,N5
598,海,umi,Noun,sea,unseen,N5
,,うみ,,,unseen,N5
599,売る,uru,"Verb, Godan verb, Transitive verb",to sell,unseen,N5
,,うる,,,unseen,N5
600,煩い,urusai,い-adjective,"noisy, annoying",unseen,N5
,,うるさい,,,unseen,N5
601,後ろ,ushiro,Noun,back; behind; rear,unseen,N5
,,うしろ,,,unseen,N5
602,薄い,usui,"Adjective, い-adjective",thin; weak,unseen,N5
,,うすい,,,unseen,N5
603,歌,uta,Noun,song,unseen,N5
,,うた,,,unseen,N5
604,歌う,utau,"Verb, Godan verb, Intransitive verb, Transitive verb",to sing,unseen,N5
,,うたう,,,unseen,N5
605,上着,uwagi,Noun,coat; tunic; jacket; outer garment,unseen,N5
,,うわぎ,,,unseen,N5
606,ワイシャツ,wai shatsu,"Noun, Katakana, Wasei",shirt,unseen,N5
,,,,,,
607,若い,wakai,"Adjective, い-adjective",young,unseen,N5
,,わかい,,,unseen,N5
608,分かる,wakaru,"Verb, Godan verb, Intransitive verb",to understand; to comprehend; to grasp; to see; to get; to follow,unseen,N5
,,わかる,,,unseen,N5
609,悪い,warui,"Adjective, い-adjective",bad; poor; undesirable,unseen,N5
,,わるい,,,unseen,N5
610,忘れる,wasureru,"Verb, Ichidan verb, Transitive verb",to forget,unseen,N5
,,わすれる,,,unseen,N5
611,渡る,wataru,"Verb, Godan verb, Intransitive verb",to go across,unseen,N5
,,わたる,,,unseen,N5
612,私,watashi,Pronoun,I; myself,unseen,N5
,,わたし,,,unseen,N5
613,渡す,watasu,"Verb, Godan verb, Transitive verb",to hand over,unseen,N5
,,わたす,,,unseen,N5
614,山,yama,Noun,mountain; hill,unseen,N5
,,やま,,,unseen,N5
615,八百屋,yaoya,Noun,greengrocer; fruit and vegetable shop; versatile,unseen,N5
,,やおや,,,unseen,N5
616,やる,yaru,"Verb, Godan verb, Transitive verb",to do,unseen,N5
,,,,,,
617,野菜,yasai,Noun,vegetable,unseen,N5
,,やさい,,,unseen,N5
618,易しい,yasashii,"Adjective, い-adjective","easy, simple",unseen,N5
,,やさしい,,,unseen,N5
619,安い,yasui,"Adjective, い-adjective",cheap; inexpensive,unseen,N5
,,やすい,,,unseen,N5
620,休み,yasumi,Noun,rest; vacation; holiday,unseen,N5
,,やすみ,,,unseen,N5
621,休む,yasumu,"Verb, Godan verb, Intransitive verb",to be absent; to take a day off; to rest,unseen,N5
,,やすむ,,,unseen,N5
622,八つ,yattsu,"Noun, Numeric",eight: 8,unseen,N5
,,やっつ,,,unseen,N5
623,呼ぶ,yobu,"Verb, Godan verb, Transitive verb","to call out, to invite",unseen,N5
,,よぶ,,,unseen,N5
624,良い,yoi/ii,"Adjective, い-adjective",good,unseen,N5
,,よい/いい,,,unseen,N5
625,四日,yokka,Noun,fourth day of the month / 4 days,unseen,N5
,,よっか,,,unseen,N5
626,横,yoko,Noun,"beside,side,width",unseen,N5
,,よこ,,,unseen,N5
627,よく,yoku,Adverb,"often, well",unseen,N5
,,,,,,
628,読む,yomu,"Verb, Godan verb, Transitive verb",to read; to guess; to predict; to read (someone's thoughts),unseen,N5
,,よむ,,,unseen,N5
629,夜,yoru,Noun,evening; night,unseen,N5
,,よる,,,unseen,N5
630,四つ,yotsu,"Noun, Numeric",four; 4,unseen,N5
,,よつ,,,unseen,N5
631,洋服,youfuku,Noun,western clothes,unseen,N5
,,ようふく,,,unseen,N5
632,八日,youka,Noun,eighth day of the month / 8 days,unseen,N5
,,ようか,,,unseen,N5
633,弱い,yowai,"Adjective, い-adjective",weak,unseen,N5
,,よわい,,,unseen,N5
634,雪,yuki,Noun,snow,unseen,N5
,,ゆき,,,unseen,N5
635,ゆっくり,yukkuri,Adverb,slowly,unseen,N5
,,,,,,
636,昨夜,yuube,Noun,last night,unseen,N5
,,ゆうべ,,,unseen,N5
637,郵便局,yuubinkyoku,Noun,post office,unseen,N5
,,ゆうびんきょく,,,unseen,N5
638,夕方,yuugata,Noun,evening; dusk,unseen,N5
,,ゆうがた,,,unseen,N5
639,夕飯,yuuhan,Noun,evening meal,unseen,N5
,,ゆうはん,,,unseen,N5
640,有名,yuumei,"Noun, Adjective, な-adjective",famous,unseen,N5
,,ゆうめい,,,unseen,N5
641,雑誌,zasshi,Noun,magazine,unseen,N5
,,ざっし,,,unseen,N5
642,全部,zenbu,"Noun, Adverbial Noun",all,unseen,N5
,,ぜんぶ,,,unseen,N5
643,ゼロ,zero,Noun,zero,unseen,N5
,,,,,,
644,ズボン,zubon,"Noun, Katakana",trousers; pants,unseen,N5
